{
    "data": [
      {
        "timestamp": 1709487335,
        "open": 5.18,
        "high": 10.4,
        "low": -3.32,
        "close": -3.22
      },
      {
        "timestamp": 1709736973,
        "open": 19.64,
        "high": 28.26,
        "low": 13.76,
        "close": 25.83
      },
      {
        "timestamp": 1709203181,
        "open": 3.17,
        "high": 7.42,
        "low": -4.45,
        "close": 6.41
      },
      {
        "timestamp": 1711517401,
        "open": 44.15,
        "high": 47.84,
        "low": 38.78,
        "close": 45.83
      },
      {
        "timestamp": 1709228165,
        "open": 75.93,
        "high": 79.15,
        "low": 70.89,
        "close": 73.63
      },
      {
        "timestamp": 1711297424,
        "open": 30.08,
        "high": 34.79,
        "low": 26.3,
        "close": 33.39
      },
      {
        "timestamp": 1710782607,
        "open": 4.3,
        "high": 13.42,
        "low": -4.21,
        "close": 4.22
      },
      {
        "timestamp": 1709508873,
        "open": 98.83,
        "high": 99.38,
        "low": 92.52,
        "close": 93.65
      },
      {
        "timestamp": 1709439916,
        "open": 45.99,
        "high": 53.38,
        "low": 41.35,
        "close": 49.05
      },
      {
        "timestamp": 1710269511,
        "open": 9.58,
        "high": 13.28,
        "low": 2.67,
        "close": 8.55
      },
      {
        "timestamp": 1709235987,
        "open": 94.14,
        "high": 101.4,
        "low": 87.84,
        "close": 90.34
      },
      {
        "timestamp": 1710706349,
        "open": 10.89,
        "high": 15.36,
        "low": 2.21,
        "close": 3.04
      },
      {
        "timestamp": 1709146856,
        "open": 84.93,
        "high": 88.55,
        "low": 80.05,
        "close": 83.42
      },
      {
        "timestamp": 1710029423,
        "open": 17.46,
        "high": 21.22,
        "low": 10.17,
        "close": 12.51
      },
      {
        "timestamp": 1710209401,
        "open": 57.82,
        "high": 59.01,
        "low": 48.27,
        "close": 55.25
      },
      {
        "timestamp": 1709651348,
        "open": 28.39,
        "high": 34.96,
        "low": 19.5,
        "close": 33.57
      },
      {
        "timestamp": 1711342983,
        "open": 77.65,
        "high": 78.3,
        "low": 77.05,
        "close": 77.82
      },
      {
        "timestamp": 1711040999,
        "open": 18.57,
        "high": 22.47,
        "low": 15.6,
        "close": 15.71
      },
      {
        "timestamp": 1710251430,
        "open": 48.46,
        "high": 49.5,
        "low": 41.71,
        "close": 42.91
      },
      {
        "timestamp": 1711003512,
        "open": 16.99,
        "high": 18.64,
        "low": 16.21,
        "close": 18.31
      },
      {
        "timestamp": 1709582026,
        "open": 48.83,
        "high": 49.29,
        "low": 39.71,
        "close": 45.28
      },
      {
        "timestamp": 1711058409,
        "open": 34.18,
        "high": 42.57,
        "low": 26.35,
        "close": 26.53
      },
      {
        "timestamp": 1710351662,
        "open": 14.58,
        "high": 17.41,
        "low": 10.72,
        "close": 17
      },
      {
        "timestamp": 1710706191,
        "open": 9.05,
        "high": 16.47,
        "low": 8.75,
        "close": 13.35
      },
      {
        "timestamp": 1709446380,
        "open": 14.96,
        "high": 17.17,
        "low": 5.15,
        "close": 9.4
      },
      {
        "timestamp": 1711057017,
        "open": 94.2,
        "high": 97.26,
        "low": 89.35,
        "close": 94.89
      },
      {
        "timestamp": 1709986897,
        "open": 13.22,
        "high": 19.85,
        "low": 5.63,
        "close": 18.62
      },
      {
        "timestamp": 1710023125,
        "open": 89.35,
        "high": 94.18,
        "low": 79.72,
        "close": 90.13
      },
      {
        "timestamp": 1709107413,
        "open": 68.72,
        "high": 75.04,
        "low": 67.38,
        "close": 72.87
      },
      {
        "timestamp": 1710595225,
        "open": 11.24,
        "high": 14.91,
        "low": 6.72,
        "close": 8.75
      },
      {
        "timestamp": 1709769355,
        "open": 61.18,
        "high": 68.85,
        "low": 51.25,
        "close": 66.98
      },
      {
        "timestamp": 1710148483,
        "open": 19.98,
        "high": 29.58,
        "low": 17.42,
        "close": 19.01
      },
      {
        "timestamp": 1711598805,
        "open": 13.68,
        "high": 19.06,
        "low": 10.63,
        "close": 14.26
      },
      {
        "timestamp": 1710905403,
        "open": 28.06,
        "high": 34.66,
        "low": 24.72,
        "close": 24.99
      },
      {
        "timestamp": 1709359139,
        "open": 71.65,
        "high": 75.67,
        "low": 69.29,
        "close": 69.48
      },
      {
        "timestamp": 1709390514,
        "open": 91.24,
        "high": 91.32,
        "low": 89.04,
        "close": 89.95
      },
      {
        "timestamp": 1709851502,
        "open": 90.69,
        "high": 92.23,
        "low": 90.42,
        "close": 92.1
      },
      {
        "timestamp": 1710062389,
        "open": 42.52,
        "high": 47.48,
        "low": 34.34,
        "close": 42.31
      },
      {
        "timestamp": 1711602643,
        "open": 32.81,
        "high": 38.58,
        "low": 31.95,
        "close": 34.83
      },
      {
        "timestamp": 1710287509,
        "open": 45.7,
        "high": 50.87,
        "low": 37.2,
        "close": 45.19
      },
      {
        "timestamp": 1710276656,
        "open": 36.4,
        "high": 37.14,
        "low": 30.69,
        "close": 30.89
      },
      {
        "timestamp": 1709258464,
        "open": 95.16,
        "high": 104.42,
        "low": 91.5,
        "close": 98.07
      },
      {
        "timestamp": 1710864030,
        "open": 67.94,
        "high": 76.66,
        "low": 66.45,
        "close": 72.35
      },
      {
        "timestamp": 1710474561,
        "open": 72.78,
        "high": 77.44,
        "low": 68.15,
        "close": 72.31
      },
      {
        "timestamp": 1709858185,
        "open": 15.08,
        "high": 23.26,
        "low": 13.9,
        "close": 19.95
      },
      {
        "timestamp": 1710738433,
        "open": 1.44,
        "high": 7.41,
        "low": -2.21,
        "close": 5.29
      },
      {
        "timestamp": 1710221610,
        "open": 88.18,
        "high": 97.97,
        "low": 79.2,
        "close": 95.78
      },
      {
        "timestamp": 1710708293,
        "open": 6.22,
        "high": 8.02,
        "low": -2.56,
        "close": 2.68
      },
      {
        "timestamp": 1709221203,
        "open": 76.15,
        "high": 77.9,
        "low": 72.3,
        "close": 72.74
      },
      {
        "timestamp": 1709126622,
        "open": 23.71,
        "high": 28.92,
        "low": 16.77,
        "close": 21.39
      },
      {
        "timestamp": 1710412252,
        "open": 41.59,
        "high": 43.63,
        "low": 40.42,
        "close": 43.62
      },
      {
        "timestamp": 1710109201,
        "open": 71.1,
        "high": 73.61,
        "low": 65.48,
        "close": 71.14
      },
      {
        "timestamp": 1709660910,
        "open": 64.15,
        "high": 71.65,
        "low": 58.12,
        "close": 67.88
      },
      {
        "timestamp": 1709157754,
        "open": 48.86,
        "high": 49.88,
        "low": 48.74,
        "close": 49.63
      },
      {
        "timestamp": 1709708483,
        "open": 21.35,
        "high": 26.83,
        "low": 14.02,
        "close": 20.07
      },
      {
        "timestamp": 1710632042,
        "open": 42,
        "high": 50.93,
        "low": 34.29,
        "close": 42.59
      },
      {
        "timestamp": 1709697976,
        "open": 53.08,
        "high": 56.86,
        "low": 48.92,
        "close": 50.1
      },
      {
        "timestamp": 1709974524,
        "open": 75.28,
        "high": 81.47,
        "low": 67.2,
        "close": 69.95
      },
      {
        "timestamp": 1711570141,
        "open": 71.99,
        "high": 79.53,
        "low": 68.58,
        "close": 73.76
      },
      {
        "timestamp": 1710220568,
        "open": 67.47,
        "high": 70.28,
        "low": 61.7,
        "close": 69.56
      },
      {
        "timestamp": 1710337019,
        "open": 66.19,
        "high": 70.29,
        "low": 60.38,
        "close": 63.41
      },
      {
        "timestamp": 1710169835,
        "open": 80.09,
        "high": 87.2,
        "low": 77.09,
        "close": 85.68
      },
      {
        "timestamp": 1710316925,
        "open": 41.13,
        "high": 41.34,
        "low": 36.28,
        "close": 40.81
      },
      {
        "timestamp": 1710067006,
        "open": 98.68,
        "high": 102.17,
        "low": 97.39,
        "close": 99.22
      },
      {
        "timestamp": 1711531480,
        "open": 78.2,
        "high": 87.96,
        "low": 75.33,
        "close": 81.3
      },
      {
        "timestamp": 1710124228,
        "open": 88.43,
        "high": 97.23,
        "low": 81.23,
        "close": 90.57
      },
      {
        "timestamp": 1709072185,
        "open": 37.62,
        "high": 44.88,
        "low": 33.07,
        "close": 37.43
      },
      {
        "timestamp": 1710098505,
        "open": 48.18,
        "high": 57.79,
        "low": 41.82,
        "close": 54.53
      },
      {
        "timestamp": 1711471563,
        "open": 59.46,
        "high": 62.04,
        "low": 57.47,
        "close": 60.59
      },
      {
        "timestamp": 1710667951,
        "open": 61.84,
        "high": 62.52,
        "low": 56.27,
        "close": 57.09
      },
      {
        "timestamp": 1709912818,
        "open": 66.58,
        "high": 72.19,
        "low": 60.92,
        "close": 70.84
      },
      {
        "timestamp": 1710966753,
        "open": 21.46,
        "high": 27.76,
        "low": 13.68,
        "close": 24.62
      },
      {
        "timestamp": 1711415039,
        "open": 41.8,
        "high": 45.04,
        "low": 35.53,
        "close": 43.73
      },
      {
        "timestamp": 1709532386,
        "open": 12.4,
        "high": 21.32,
        "low": 9.08,
        "close": 14.21
      },
      {
        "timestamp": 1710085064,
        "open": 66.55,
        "high": 75.63,
        "low": 59.03,
        "close": 75.31
      },
      {
        "timestamp": 1709455445,
        "open": 19.51,
        "high": 20.07,
        "low": 12.96,
        "close": 19.11
      },
      {
        "timestamp": 1709438200,
        "open": 22.42,
        "high": 24.81,
        "low": 20.07,
        "close": 20.37
      },
      {
        "timestamp": 1710550043,
        "open": 26.94,
        "high": 31.42,
        "low": 21.97,
        "close": 25.56
      },
      {
        "timestamp": 1709868909,
        "open": 25.14,
        "high": 34.4,
        "low": 18.91,
        "close": 31.42
      },
      {
        "timestamp": 1709882734,
        "open": 86.62,
        "high": 95.49,
        "low": 82.72,
        "close": 92.02
      },
      {
        "timestamp": 1711274175,
        "open": 6.9,
        "high": 13.27,
        "low": -0.52,
        "close": 1.29
      },
      {
        "timestamp": 1710349511,
        "open": 96.15,
        "high": 101.04,
        "low": 88.75,
        "close": 90.39
      },
      {
        "timestamp": 1709208676,
        "open": 5.35,
        "high": 8.4,
        "low": -0.26,
        "close": 1.51
      },
      {
        "timestamp": 1709182112,
        "open": 26.44,
        "high": 35.04,
        "low": 19.01,
        "close": 24.18
      },
      {
        "timestamp": 1711323971,
        "open": 91.85,
        "high": 101.2,
        "low": 91.12,
        "close": 98.32
      },
      {
        "timestamp": 1711506812,
        "open": 39.1,
        "high": 44.88,
        "low": 30.87,
        "close": 33.58
      },
      {
        "timestamp": 1711203971,
        "open": 72.79,
        "high": 77.98,
        "low": 65.47,
        "close": 77.64
      },
      {
        "timestamp": 1710200514,
        "open": 13.51,
        "high": 17.71,
        "low": 7.5,
        "close": 13.54
      },
      {
        "timestamp": 1709527642,
        "open": 93.53,
        "high": 99.75,
        "low": 93,
        "close": 93.17
      },
      {
        "timestamp": 1710086059,
        "open": 77.79,
        "high": 78.84,
        "low": 77.4,
        "close": 77.51
      },
      {
        "timestamp": 1710329989,
        "open": 75.07,
        "high": 81.22,
        "low": 67.42,
        "close": 81.18
      },
      {
        "timestamp": 1709969129,
        "open": 48.72,
        "high": 53.58,
        "low": 48.07,
        "close": 49.65
      },
      {
        "timestamp": 1709826567,
        "open": 46.49,
        "high": 47.19,
        "low": 39.36,
        "close": 42.9
      },
      {
        "timestamp": 1711422018,
        "open": 58.01,
        "high": 66.05,
        "low": 57.06,
        "close": 59.29
      },
      {
        "timestamp": 1710590612,
        "open": 41.63,
        "high": 42.24,
        "low": 33.51,
        "close": 39.53
      },
      {
        "timestamp": 1711379898,
        "open": 77.43,
        "high": 79.07,
        "low": 75.26,
        "close": 75.87
      },
      {
        "timestamp": 1709100203,
        "open": 12.33,
        "high": 17.36,
        "low": 10.29,
        "close": 14.25
      },
      {
        "timestamp": 1709628750,
        "open": 75.28,
        "high": 75.66,
        "low": 69.44,
        "close": 73.54
      },
      {
        "timestamp": 1710874209,
        "open": 19.61,
        "high": 27.51,
        "low": 11.27,
        "close": 21.31
      },
      {
        "timestamp": 1710624578,
        "open": 48.49,
        "high": 50.01,
        "low": 40.13,
        "close": 42.26
      }
    ]
  }
  